Emp ID,Name,DOB,SSN,State
214,Sarah Simpson,1985-12-04,282-01-8166,Florida
15,Samantha Lara,1993-09-08,848-80-7526,Colorado
411,Stacy Charles,1957-12-20,658-75-8526,Pennsylvania
166,Michelle Roy,1978-07-29,794-25-3944,Michigan
39,Joseph Rogers,1985-03-28,525-40-3515,Minnesota
423,Erica Hines,1975-10-13,034-90-6153,New York
192,Zoe Patel,1967-12-20,037-50-0817,Wisconsin
162,Matthew Harvey,1990-01-20,244-53-0346,Tennessee
131,Shawn Davis,1961-07-21,309-08-1581,West Virginia
20,April Baldwin,1961-08-07,068-61-2014,Missouri
246,Vincent Daniels,1972-01-06,319-38-2754,Montana
525,Ann Fields,1960-08-22,752-98-7911,Iowa
392,Jeffrey Pearson,1979-05-05,171-82-2578,Illinois
474,Heather Johnson,1989-09-23,724-30-0904,Georgia
478,Melissa Fletcher,1979-03-14,899-91-6881,Rhode Island
101,Kimberly Alvarez,1984-09-04,138-08-8680,Louisiana
52,Monica Jimenez,1988-04-08,835-26-1668,North Dakota
182,Steven Johnson,1962-05-28,026-20-7070,Nebraska
637,Sarah Wood,1972-06-15,235-96-6715,Florida
510,Jesus Petersen,1958-03-28,133-75-0770,Oklahoma
122,Rhonda Rosales,1963-04-10,498-27-0286,Alabama
294,Nicole Richardson,1981-09-09,369-83-5228,Louisiana
327,Jennifer Mendez,1977-07-20,736-41-1994,Oregon
145,Sandra Petty,1981-01-30,702-18-7629,North Carolina
565,Michael Hester,1987-04-13,022-21-6836,South Dakota
590,Joseph Brown,1982-08-28,517-03-4744,New Hampshire
340,Michelle Cooper,1993-08-23,056-59-2306,Washington
176,Barbara Wise,1991-12-15,894-82-7662,Indiana
63,Carol Rosales,1984-07-20,874-92-4907,New Jersey
121,Mark Villa,1969-02-24,700-15-2207,Mississippi
70,Russell Orozco,1973-09-16,241-61-5514,Mississippi
446,Michelle Sanchez,1994-08-21,377-34-5222,Oklahoma
156,Briana Ayala,1965-10-31,039-74-4542,Connecticut
343,Shane Roberts,1958-12-14,225-39-6030,Hawaii
599,Cassandra Morris,1973-01-24,109-15-3831,Montana
102,Krista Thompson,1984-07-25,827-54-7445,Kentucky
377,Jon Bennett,1957-09-13,135-85-1689,New Mexico
240,April Thomas,1993-12-03,372-48-3580,Colorado
455,Haley Martinez,1968-01-15,179-78-3736,Idaho
503,Isaac Stafford,1989-11-25,759-75-5036,South Dakota
269,John Martinez,1987-01-06,035-41-3936,New Hampshire
219,John Phillips,1982-12-08,488-42-4070,West Virginia
301,Gary Shelton,1978-09-11,245-30-9672,South Dakota
84,Amanda Gordon,1969-10-12,093-15-2966,Maine
588,Jessica Holt,1963-09-12,741-11-6084,Nebraska
540,Stephanie Estes,1966-07-15,274-51-9779,South Dakota
329,Jessica Brown,1992-02-01,430-42-7328,Mississippi
74,Donna Manning,1973-05-19,279-18-7781,New Mexico
29,Nicholas Owens,1991-08-20,307-42-7882,Virginia
92,Wendy Ryan,1960-05-13,218-69-0741,Arizona
489,Kimberly Hooper,1971-09-08,756-97-3136,Georgia
561,Deborah Gonzalez,1975-05-28,020-98-0643,Montana
44,Laura Yoder,1987-04-18,376-03-3016,Indiana
138,Kimberly Velez,1958-03-07,430-03-0707,Arizona
623,Kevin Garcia,1973-05-15,696-93-4337,Oklahoma
173,Marcia Jones,1972-11-20,848-99-0963,North Dakota
148,Nicole Baldwin,1978-08-11,720-35-5508,Nevada
184,Katherine Juarez,1986-02-13,060-72-8687,California
228,Paula Thompson,1985-09-22,568-48-7734,North Carolina
117,Joan Hoover,1973-02-27,689-60-5429,New Mexico
544,Stephen Simon,1962-11-28,591-94-1621,Nevada
116,Rebecca Taylor,1962-09-30,130-97-9126,Minnesota
622,Lindsay Owens,1973-04-28,596-62-6742,Delaware
376,Justin Payne,1983-07-03,055-45-7892,Alaska
100,Michelle Thornton,1961-01-25,502-30-4112,Georgia
222,Timothy Hill,1985-08-11,772-61-4460,South Carolina
506,Karen Johnson,1976-01-05,779-15-5174,Ohio
59,Alexis Mcintosh,1962-03-01,870-65-9185,Kentucky
456,Susan Fitzgerald,1961-09-18,265-14-3222,Alabama
389,Amber Stewart,1958-08-26,308-32-3120,Ohio
236,Taylor Evans,1983-07-17,725-79-2641,New Jersey
78,Tracy Knight,1993-09-27,042-56-8339,Idaho
253,Jason Parks,1981-02-27,088-08-2601,Arizona
67,Jonathan Carroll,1973-06-15,343-24-7126,South Carolina
642,Sara Wallace,1959-06-21,132-20-6918,Mississippi
279,Jeffrey Mitchell,1969-05-23,547-04-4559,Utah
41,April West,1986-03-11,348-25-9544,Delaware
30,Ryan Reynolds,1973-02-05,474-92-2883,Indiana
462,Rachel Bell,1989-07-24,451-75-1379,Alabama
87,Amber Williamson,1984-06-20,178-09-4567,Louisiana
26,Tony Park,1968-10-08,146-60-7749,Utah
553,Robert Jefferson,1981-10-04,364-47-6302,Ohio
151,Sarah Hernandez,1987-07-05,248-41-5549,Wyoming
523,Margaret Foley,1968-12-19,466-57-4633,California
434,Tina Christensen,1988-03-01,140-03-0333,Tennessee
1,Isaac Gomez,1987-10-16,360-76-4728,Wyoming
365,Phillip Davis,1961-04-24,691-06-5132,Vermont
230,Brian Douglas,1979-09-18,308-74-9324,Nevada
357,Teresa Wilson,1994-08-12,370-66-9378,Indiana
142,Timothy Wilson,1993-11-21,362-88-1270,West Virginia
606,Lori Davies,1980-08-21,090-30-9489,Alaska
129,Brittany Stone,1985-11-21,159-22-0950,Colorado
34,Matthew Rogers,1974-03-09,571-16-2560,California
190,Francisco Gardner,1972-08-18,541-83-0367,Wisconsin
259,Ashley Patrick,1979-12-06,134-56-7953,Oregon
471,Brandi Frey,1979-07-23,604-25-2997,Maryland
362,Garrett Kelley,1974-12-20,235-22-1192,Pennsylvania
620,Robert Barron,1985-04-19,057-87-0735,Nebraska
299,Lee Serrano,1967-06-19,775-19-0867,West Virginia
213,Jessica Vance,1959-04-30,260-03-9076,Delaware
427,Russell Ashley,1973-02-15,270-49-2395,Ohio
105,Catherine Richardson,1989-10-03,456-33-2969,Wyoming
260,Sheri Hamilton,1986-03-12,323-01-9319,New Hampshire
547,Craig Strickland,1968-02-27,618-88-3498,North Dakota
28,Brandon Hall,1969-09-30,787-99-6416,Alaska
486,Karla Adams,1962-11-18,134-28-7524,Vermont
300,Ernest Washington,1990-07-15,620-77-9800,Florida
501,John Owens,1989-05-15,220-27-7554,Montana
584,Roberto Farmer,1968-05-04,567-63-3936,Louisiana
453,Tom Bailey,1980-01-24,879-46-1663,Iowa
16,Jennifer White,1966-01-17,748-97-1698,Michigan
185,Courtney Mendez,1961-11-25,342-58-8268,Nebraska
223,Jasmine Miller,1971-05-13,014-69-2427,Maryland
290,Amy Bryan,1969-06-24,064-94-2636,California
71,Melvin Pruitt,1994-05-06,095-27-4970,Alaska
73,Amanda Carrillo,1957-10-25,102-77-8942,Mississippi
549,Anthony Nguyen,1987-03-10,491-26-6484,North Dakota
359,Kaitlyn Charles,1965-11-23,792-34-7712,New Hampshire
631,Rebecca Pollard,1977-03-17,217-17-9010,Florida
585,James Jackson,1987-09-02,458-49-8491,Maine
641,Gina Jones,1964-02-05,324-84-3596,Hawaii
564,Tyler Woodward,1983-05-06,156-67-7298,Kansas
149,Hannah Schultz,1984-12-28,890-38-7228,New York
430,Anthony Sims,1976-04-20,747-10-1311,Connecticut
587,Jessica Wallace,1981-05-02,059-30-7152,Wisconsin
420,Jonathan Pearson,1980-01-03,125-92-7840,Vermont
625,Richard Hunt,1987-09-17,718-77-9513,Indiana
319,Madison Ballard,1966-03-11,576-77-3750,Delaware
18,Kathryn Blair,1993-08-07,393-75-8028,Georgia
535,Kristina Patterson,1958-03-28,618-80-5885,Connecticut
417,Kathryn Bryant,1957-04-09,439-47-8017,Colorado
391,Jerry Ayala,1982-03-02,223-24-9737,Washington
274,Karen Rodriguez,1994-07-30,057-45-3813,Connecticut
270,Daniel Jacobs,1972-04-24,279-96-6724,Texas
537,Stephanie Campbell,1968-08-30,163-80-3547,Tennessee
341,Michael Pacheco,1977-04-29,685-31-6378,Louisiana
402,Steven Garcia,1991-04-01,006-04-9437,Montana
476,Brenda Hall,1957-07-15,740-56-7869,Texas
367,Rhonda Smith,1969-06-27,373-45-5595,Maine
407,Tracy Francis,1960-01-26,632-97-8950,Vermont
280,Dawn Fernandez,1981-04-14,526-07-9216,Nebraska
524,Matthew Wells,1958-08-29,241-85-2780,Florida
57,Joel Walker,1979-09-20,261-53-6637,Florida
312,Paula Shea,1978-08-15,091-50-1746,Ohio
649,Paul Bell,1976-05-23,027-68-7411,Wisconsin
488,Frederick Roberson,1978-01-02,830-16-0114,Michigan
139,Melissa Armstrong,1959-03-17,687-67-9454,Oregon
412,Jennifer Alexander,1969-01-15,213-74-9026,Alaska
5,Cassandra Perez,1986-09-02,021-28-1151,Illinois
153,Anthony Austin,1965-12-17,645-42-9162,Wisconsin
321,Cynthia Jones,1976-08-11,360-54-3428,Rhode Island
541,Oscar Bernard,1990-04-07,191-69-5243,Illinois
406,Amanda Hendrix,1980-11-19,294-27-7721,Arkansas
204,Vincent Henry,1961-08-22,446-65-5624,Utah
567,Lauren Bush,1976-12-19,523-18-3299,Georgia
187,Stacey Bates,1961-06-17,780-13-1470,California
460,Amanda Khan,1971-04-16,328-79-9388,Nebraska
212,Amanda Sutton,1973-12-07,399-25-2368,Arkansas
617,Joshua Li,1992-03-20,580-04-6050,Idaho
353,Becky Kennedy,1987-04-05,737-98-4807,Michigan
383,Laura Espinoza,1978-09-04,635-60-5712,Florida
91,Joshua Murphy,1970-12-31,379-74-7318,Wisconsin
429,Randall Bowen,1969-04-11,479-31-0666,Texas
40,Michelle Pham,1979-07-31,510-25-2595,South Carolina
298,Emily Thomas,1974-07-10,703-31-6906,Rhode Island
400,Jessica Kelley,1976-12-15,346-41-4271,Kentucky
480,Jeffrey Brown,1968-12-23,714-90-7392,Washington
375,Jennifer Keith,1990-11-24,749-06-2614,Arkansas
626,Joshua Romero,1979-10-14,221-21-4169,New Mexico
97,Frank Walker,1976-12-13,874-56-5611,Arizona
291,Cody Lindsey,1965-01-29,860-65-8099,Alabama
614,Cody Baker,1979-03-09,456-54-5896,Vermont
552,Jaclyn Wall,1985-12-13,014-30-5336,South Dakota
338,Kaitlyn Roy,1965-06-15,854-73-0939,Minnesota
513,Allison Lee,1994-04-04,267-45-8932,Utah
231,Heather Patterson,1969-06-08,114-66-2886,West Virginia
443,Carrie Thomas,1980-08-08,803-52-8236,Massachusetts
140,David Gutierrez,1967-08-14,179-44-9234,Nebraska
96,Harold Robinson,1965-08-20,067-87-7098,New Mexico
531,Alex Graham,1978-11-27,698-33-6911,Kentucky
403,Steven Thompson,1978-01-01,555-61-0637,New Jersey
580,Barbara Martin,1971-11-11,460-83-5120,Nebraska
113,Theresa Cochran,1976-02-23,774-88-2404,Iowa
289,Michael Madden,1964-09-05,431-73-2946,Colorado
247,Brian Chase,1989-05-01,590-10-3628,Arizona
472,Carolyn Rodriguez,1962-11-16,327-51-2185,Rhode Island
582,Breanna Williams,1994-06-03,257-97-8593,North Carolina
265,Anne Cook,1981-11-11,499-21-8560,New York
281,Tara Bowers,1975-09-22,742-78-7048,New York
330,Joyce Hall,1980-10-10,701-37-4819,Virginia
372,Sydney George,1959-01-24,718-29-8264,Florida
628,Lindsay Williams,1977-09-19,734-95-4792,Nevada
445,Darrell Thomas,1986-03-14,535-82-2653,Utah
316,Thomas Knight,1965-08-07,545-38-2441,New Jersey
499,Carolyn Diaz,1991-04-20,105-95-2117,Delaware
528,Karen Ball,1986-04-13,649-62-9411,North Dakota
242,Ronald Richardson,1988-04-20,865-29-6742,Georgia
632,Donna Williams,1986-09-01,223-16-3144,Mississippi
313,Molly Wright,1991-02-23,507-49-7938,Washington
89,Jeffrey Mcintyre,1974-06-02,265-42-8359,Kansas
130,Tabitha Parks,1975-01-19,290-37-8386,Iowa
3,Melissa Padilla,1982-12-08,665-02-9382,Montana
586,George Harris,1979-11-15,111-98-2111,Arizona
355,Cheryl Hancock,1993-09-03,521-93-2522,Idaho
532,Jeffrey Paul,1972-01-12,343-46-0457,Montana
326,Wendy Jones,1979-04-20,864-30-4078,New York
225,Elizabeth Johnson,1981-12-01,380-97-8375,Arkansas
191,Charles Green,1990-05-22,786-80-9288,South Carolina
444,Jeffrey Cooper,1970-12-14,147-37-7671,Maryland
490,Judith Brooks,1971-01-25,245-34-6779,Indiana
609,Amanda Ramsey,1971-04-10,741-36-2683,South Carolina
47,Stephen Oliver,1984-12-27,145-82-5500,California
508,Nancy Rodriguez,1988-02-13,613-76-1027,Maryland
388,Joshua Powers,1971-05-13,663-05-4897,Florida
331,Lisa Stein,1980-02-07,800-85-2075,California
264,Jessica Martin,1967-08-18,189-67-8568,Nevada
589,George Hardy,1990-04-17,787-04-4162,New Mexico
278,Jonathan Carney,1990-11-08,255-67-0506,Colorado
526,Carol Robertson,1959-02-01,699-48-6248,Illinois
205,Susan Zhang,1983-03-18,443-61-5874,Connecticut
199,Christopher Cameron,1969-08-30,872-37-1053,New York
550,Paul Ramsey,1990-05-14,214-03-6565,Maryland
103,David Torres,1971-03-26,868-70-5176,Mississippi
465,Barbara Roberts,1993-10-22,652-67-9440,Kansas
348,Nicholas Dunn,1985-05-22,771-91-1196,Maryland
158,John Long,1966-10-09,518-31-8394,Nebraska
361,Shelby Porter,1992-01-09,446-69-7391,Maine
610,Judith Robinson,1973-08-29,047-39-3792,Florida
235,Justin Holt,1969-09-19,867-72-2854,Wyoming
442,Laura Valdez,1988-09-14,433-54-2068,Illinois
215,Jesse Rosales,1989-12-29,890-51-0642,West Virginia
17,Amy Duran,1992-04-02,518-94-5581,Minnesota
363,Joshua Williams,1976-11-06,698-57-1375,Indiana
438,Robert Davis,1986-03-28,121-17-0776,Nebraska
111,Lisa Houston,1966-06-27,337-50-5946,Ohio
396,Timothy Williams,1978-11-27,402-11-5842,Illinois
255,Kim Finley,1973-03-09,849-06-6351,South Carolina
226,Andrew Lopez,1962-06-11,526-76-7248,Tennessee
652,Veronica Herrera,1958-10-22,337-88-4723,Iowa
64,Bob Murphy,1982-01-14,751-77-8100,South Dakota
415,Timothy Duncan,1977-09-25,660-93-7493,Indiana
354,David Sandoval,1985-11-26,292-04-6963,West Virginia
517,Tony Graves,1980-10-19,276-82-5360,Idaho
292,Andrea Fuller,1981-07-17,437-94-0698,Washington
579,William Carney,1974-06-16,268-62-3440,Wyoming
181,Daniel Dominguez,1992-11-15,161-73-9595,Kentucky
556,David Franco,1983-10-30,281-76-2451,New York
351,Justin Ortiz,1961-01-29,211-12-6761,Alaska
405,Sara Jarvis,1964-07-23,393-24-3953,West Virginia
647,Adam Green,1988-05-09,047-55-5674,Tennessee
646,Debra Flores,1969-04-02,466-93-7111,Kansas
79,Jennifer Adams,1988-12-04,104-19-1210,Rhode Island
371,Lori Sosa,1988-06-14,671-78-7062,Michigan
542,Cory Mora,1985-03-27,406-86-0325,Nevada
261,Denise Hughes,1966-09-20,329-15-7879,Utah
368,Anthony Jenkins,1957-09-05,713-25-0437,Massachusetts
439,Leonard Soto,1986-10-17,162-09-1991,Nebraska
82,Donald Todd,1960-07-16,067-88-6930,Michigan
431,Christopher Long,1979-08-24,710-77-2737,Vermont
155,Donald Pierce,1976-02-27,207-92-1562,New Jersey
189,Matthew Sullivan,1986-02-25,416-95-6697,Mississippi
393,Brianna Stevens,1965-06-11,814-62-4666,Montana
451,Jacqueline Villegas,1981-02-13,429-08-8948,South Carolina
22,Mary Diaz,1964-02-18,393-59-8701,Georgia
470,Steven Taylor,1985-12-01,755-10-1803,New Hampshire
384,Edward Jimenez,1980-08-19,567-95-1355,Kentucky
7,John Joseph,1992-01-07,224-47-0413,Pennsylvania
258,Jared Fletcher,1977-07-16,602-32-9304,Vermont
568,Kathleen Hill,1970-02-04,002-16-3356,New Hampshire
56,Johnny Warner,1965-08-16,085-69-4164,New Hampshire
621,Frank Smith,1971-02-08,479-57-1100,Illinois
49,Stephanie Thompson,1957-03-26,344-06-6249,Rhode Island
397,Angela Cannon,1992-09-13,745-69-3459,Kansas
36,Trevor Robinson,1967-04-26,043-69-3462,West Virginia
33,Gregory Powers,1969-05-19,385-64-8879,Kansas
224,Michael Sparks,1982-11-03,872-05-6809,North Carolina
634,George Flores,1989-01-31,660-52-0195,Iowa
144,Michael Hall,1986-01-22,061-68-0161,Arizona
491,Susan Williamson,1973-05-27,730-88-0355,Indiana
309,Luis Norton,1988-05-11,388-67-6955,Wisconsin
211,Victoria Pearson,1990-03-07,193-24-5518,North Dakota
475,Roger Nichols,1976-01-13,645-70-4515,Oregon
493,Jenny Mills,1983-11-10,064-04-1434,Wisconsin
128,Joshua Moore,1965-09-30,754-69-8369,Pennsylvania
262,James Carr,1979-02-25,715-41-8546,Alabama
597,David Lane,1974-04-21,532-28-4614,Minnesota
325,Beth Reese,1961-04-30,748-34-1223,Pennsylvania
573,Lindsay Thompson,1986-09-24,057-31-1306,Kansas
55,Amber Taylor,1982-04-27,101-80-6610,New York
132,Oscar Yates,1977-04-03,139-68-0620,Illinois
401,Anthony Cooper,1994-06-04,609-69-2490,California
483,Tracie Harrison,1983-07-01,275-09-7833,Delaware
424,Corey Herrera,1970-11-08,295-81-3228,Oregon
188,Anthony Kim,1981-11-04,342-25-7043,Wyoming
272,Kendra Marshall,1967-09-11,615-65-2658,Indiana
545,Debbie Chang,1993-02-17,644-76-8022,Pennsylvania
193,Miranda Simmons,1964-03-27,760-20-2359,Illinois
593,Catherine Murphy,1968-08-11,737-70-6401,Rhode Island
463,Nicholas Shelton,1984-06-07,711-43-0704,Georgia
334,Laura Winters,1969-07-05,412-53-4775,Georgia
596,Jill Barr,1983-04-07,085-07-7889,Minnesota
373,Lauren Ritter,1970-12-26,706-59-7600,Kansas
635,Anthony Short,1986-06-07,741-53-6004,Wyoming
315,Patrick Yates,1967-05-07,516-32-4036,North Carolina
120,Brett Mitchell,1976-01-20,162-71-8337,Wisconsin
110,Andrea Boone,1983-02-05,412-37-1089,Colorado
68,Charles Alvarez,1993-02-01,879-74-5142,Montana
14,Jeff Garner,1978-12-21,524-11-2191,Massachusetts
200,Natalie Williams,1971-06-14,530-26-2753,Massachusetts
62,Tracy King,1969-11-17,283-38-0822,North Carolina
263,Michael Huang,1990-02-14,872-82-6162,South Carolina
257,Ray Miller,1968-03-09,788-31-5774,California
61,Tracey Powers,1976-04-28,115-30-5107,Wyoming
107,Alexander Moore,1992-07-05,212-86-4136,Hawaii
322,Lisa Fisher,1977-01-05,735-25-4670,New Mexico
2,Tamara Gentry,1987-04-03,669-93-7430,South Carolina
81,Christopher Fitzgerald,1992-04-19,493-25-7096,Massachusetts
337,Jose Olson,1991-01-20,277-01-7256,Pennsylvania
93,Carrie Wallace,1966-02-07,439-21-8007,Georgia
366,Crystal Smith,1991-04-30,537-27-6884,New York
287,Caroline Edwards,1959-10-20,246-48-7816,Nevada
66,Carol Baker,1959-08-01,227-40-8196,Oregon
243,Alexandra Ward,1973-12-27,183-27-3414,Arkansas
603,Krystal Townsend,1990-05-15,026-74-6839,Arizona
277,Melanie Elliott,1976-06-21,154-81-2869,Minnesota
583,Tracey Barajas,1973-01-09,010-89-9722,Arkansas
268,Eric Barker,1976-12-09,617-54-2136,Georgia
234,Olivia Elliott,1991-09-15,351-59-7631,New Mexico
320,Daniel Reed,1969-12-24,862-32-3333,New Jersey
461,Roberto Pierce,1964-07-03,573-41-9982,Missouri
232,Lawrence Stewart,1987-06-15,549-28-1303,Missouri
13,Michael Snow,1965-02-17,129-08-2820,Kansas
108,Ashley Cruz,1973-09-09,728-91-3168,Massachusetts
216,Jesus Hobbs,1975-12-10,812-72-2648,Mississippi
304,Jody Riley,1978-01-08,426-61-6681,Connecticut
94,Joseph Scott,1993-11-23,836-87-4445,Maryland
171,Eric Sullivan,1993-01-05,225-47-8141,South Carolina
466,Christopher Cervantes,1975-11-09,673-34-7919,Vermont
498,Jennifer Leon,1959-02-03,766-19-2413,Arkansas
180,Victor Fuentes,1957-12-07,773-58-5844,Washington
9,Christine Marshall,1972-12-05,271-77-6538,Alabama
170,Amanda Garcia,1961-12-03,453-36-1013,New Jersey
172,Nancy Holloway,1983-03-13,246-82-4965,Alaska
46,Kimberly Banks,1990-07-03,808-01-7861,Arizona
576,Laura King,1971-06-04,629-67-5040,Arizona
11,Robert Mendoza,1982-04-23,855-95-0627,Iowa
80,Jessica Black,1981-12-11,532-57-6296,Kentucky
77,Cynthia Duffy,1990-07-08,293-88-0500,North Carolina
555,Aaron Henry,1978-10-15,090-70-3379,Michigan
95,Autumn Peterson,1965-01-02,537-45-9763,Oklahoma
595,Danielle Murphy,1963-08-15,205-60-0413,Texas
543,Deborah Hoffman,1986-10-20,755-03-9690,Montana
227,Kathy Palmer,1972-07-19,312-08-3934,Arkansas
572,Tim Smith,1967-04-22,681-85-8047,North Carolina
387,Renee Campbell,1970-11-09,544-32-2594,Missouri
380,Bryan Mcdaniel,1959-04-19,033-02-4659,Florida
203,Rhonda Flores,1974-12-13,280-87-3754,West Virginia
636,Jonathan Wright,1963-06-17,328-28-8490,Missouri
256,Sydney King,1977-01-12,304-26-5923,Florida
85,Janet Gonzales,1972-12-08,348-66-0243,Utah
520,Steve Russell,1978-08-19,715-22-9820,Washington
233,Craig Pennington,1957-12-25,156-21-8248,North Dakota
410,Andrew Thomas,1963-04-11,767-64-7838,Massachusetts
485,Miguel Woods,1992-06-10,672-61-1852,Maine
630,Samuel Anderson,1969-03-02,667-87-9480,South Carolina
295,Cynthia Clarke,1962-05-29,206-17-8148,Massachusetts
487,Adam Mcgrath,1960-06-20,015-05-3185,Alaska
616,Courtney Oconnell,1984-04-03,392-89-3672,South Dakota
435,Brandon Hudson,1966-08-07,595-28-4780,Illinois
349,Rachel Lewis,1985-02-06,450-59-5213,Georgia
557,Manuel Rodriguez,1981-03-07,799-07-0042,Washington
425,Gregory Wilkinson,1984-08-23,425-53-6395,North Carolina
273,Donna Lopez,1962-08-03,103-73-6360,New Hampshire
69,David Scott,1992-03-10,062-52-0749,Mississippi
571,Gregory Maxwell,1977-11-21,156-46-7057,Nevada
169,Daniel Wilkins,1975-09-24,570-69-4870,Mississippi
495,Jonathan Henry,1989-06-08,888-02-2026,Montana
350,Heather Shepherd,1984-09-17,461-10-2527,Washington
395,Cindy Munoz,1986-10-30,795-43-0435,New Hampshire
75,Dalton Bowman,1977-12-24,453-05-8792,Maine
244,Jon Clark,1967-06-18,351-25-8771,Tennessee
509,Amber Meyer,1983-09-04,599-25-5604,Louisiana
339,Steven Madden,1972-06-18,813-09-9767,Indiana
534,Victoria Lewis,1971-01-04,362-95-6283,Washington
419,Karl Dudley,1974-12-14,864-78-6649,Texas
386,Alicia Stone,1966-12-24,739-83-8324,Colorado
328,Max Mckay,1960-08-17,431-98-4918,South Carolina
612,Richard Brown,1979-06-30,518-81-0117,Montana
502,Heather Case,1971-12-22,691-75-1698,Arkansas
390,Amy Gonzalez,1965-10-12,627-70-2150,Utah
404,Brandon Armstrong,1973-12-12,423-27-5658,Arizona
159,Terrance Ewing,1981-01-15,315-12-5340,Virginia
115,Jessica Boyd,1960-04-27,373-21-9784,Virginia
422,Corey Taylor,1966-03-09,753-90-4578,Mississippi
250,Frank Blankenship,1958-11-17,482-20-3591,Mississippi
638,Monica Montgomery,1975-10-14,021-57-3158,Mississippi
414,Tammy Patrick,1961-09-07,439-17-7381,New Mexico
127,Corey Sawyer,1982-08-13,095-95-9114,Delaware
440,Linda Anthony,1994-01-23,115-31-7298,South Dakota
594,Travis Patrick,1967-10-12,017-91-7968,Tennessee
114,Linda Davis,1975-08-08,775-39-0620,Connecticut
109,Anthony Adams,1962-02-09,875-08-1396,Vermont
515,Christopher Johnson,1959-11-03,222-90-5547,Connecticut
31,Tracy Austin,1980-08-06,709-79-1904,Rhode Island
605,Matthew Woodward,1978-03-26,071-09-6667,Idaho
421,Donna Cole,1973-01-19,581-96-3401,New York
536,Alexis Allen,1963-08-11,804-16-6449,Tennessee
267,Stephen Parker,1967-03-18,508-61-9288,Colorado
210,Nicole Johnson,1963-05-01,314-33-0265,Pennsylvania
560,Daniel Green,1976-06-16,153-73-7915,Alaska
302,Dylan Adams,1966-04-16,343-46-4597,Colorado
640,Jason Davis,1970-06-06,654-58-5627,Louisiana
449,Jennifer Conrad,1973-10-08,131-63-2874,Wyoming
202,Stephen Dawson,1985-06-30,113-04-5741,Arizona
168,Douglas Smith,1981-04-07,652-93-9028,Massachusetts
119,Diane Gray,1968-10-26,499-92-1654,Hawaii
613,Benjamin Gordon,1974-07-26,470-96-3940,Colorado
473,Stephanie Miller,1983-09-08,170-37-8885,Louisiana
615,Lynn Stout,1973-09-17,705-73-6531,Maine
10,Malik Scott,1958-02-02,766-84-4261,Idaho
86,David Brown,1973-07-28,423-44-5706,Oklahoma
500,Nathan Jenkins,1968-01-11,279-01-6468,Wisconsin
38,Maria Bryant,1970-07-17,553-05-3505,Massachusetts
633,Michael Griffin,1963-09-15,173-02-4120,Washington
530,Nathan Smith,1979-04-17,239-54-9334,California
177,James Jackson,1958-06-01,867-20-4595,California
266,Erika Jones,1977-02-02,777-40-1552,Alabama
4,Stephanie Leon,1967-04-06,364-10-0580,Delaware
12,Anthony Walker,1969-12-25,532-20-5284,Rhode Island
477,Richard Brooks,1962-10-17,061-01-5295,Kentucky
575,Matthew Bishop,1973-06-10,432-55-9588,New Jersey
37,Anthony Thompson,1990-10-04,281-96-1051,Massachusetts
360,Justin Garcia,1961-09-21,636-67-6120,North Carolina
134,Miguel Garcia,1964-12-21,341-90-5477,Ohio
416,Jeffrey Randolph,1976-09-24,459-89-2699,Indiana
45,Raymond Tran,1957-04-09,409-49-8575,Florida
441,Brandon Webb,1966-09-10,462-03-8353,Utah
323,Brandon Petersen,1982-07-06,069-09-1657,Tennessee
58,Bryce Ball,1994-07-03,599-98-1674,Arizona
639,Blake Watkins,1973-02-25,207-67-0572,North Carolina
484,Gregory Morales,1960-08-21,221-92-5605,Colorado
50,Alyssa Wall,1964-08-24,277-84-2643,Washington
533,Cynthia Garcia,1960-11-11,553-04-2024,Idaho
611,Amber Williams,1969-12-03,425-23-7515,New Mexico
563,Steve Stark,1957-07-02,695-80-7390,Michigan
562,Charles Baird,1968-02-29,460-89-2710,Florida
559,Mackenzie Hall,1990-02-28,715-66-6862,Alabama
481,Aaron King,1964-05-29,760-94-8792,South Dakota
195,Joshua Perez,1984-02-08,361-39-1226,Georgia
186,Alexander Valdez,1975-10-24,426-12-7833,North Dakota
160,Ashley Santos,1983-06-18,242-96-4884,Alabama
143,Joshua Stephens,1988-04-11,667-51-9528,Vermont
492,Steven Long,1994-08-18,886-15-4594,Texas
6,Jack Jackson,1975-07-05,649-66-4734,New York
88,Roberto Leonard,1992-01-20,605-26-8779,Massachusetts
161,Michael Park,1981-06-05,521-79-4033,New Mexico
83,Carl Reeves,1965-12-11,600-56-8325,Louisiana
254,Paul Lee,1976-07-22,144-04-7697,Indiana
464,Kathryn Ramirez,1960-08-04,631-46-0099,Ohio
284,Daniel Medina,1973-10-31,486-97-8215,Mississippi
25,Jesse Gomez,1961-01-30,296-37-3664,South Carolina
218,Brandon Good,1991-08-01,186-85-5586,Virginia
99,Sandra Suarez,1974-06-08,750-33-7890,Georgia
356,Jeffrey Stevenson,1957-12-07,382-94-3851,Connecticut
317,Richard Mcdonald,1957-02-21,631-87-8008,North Dakota
229,Joanna Castillo,1984-03-07,296-96-1576,Indiana
581,Angelica Reyes,1992-06-06,721-94-7139,Arkansas
452,Jennifer Wright,1976-03-06,827-76-3901,New Mexico
518,James Porter,1957-06-30,278-06-1319,California
479,Krystal Brown,1961-01-31,151-43-8909,Texas
245,Christopher Reyes,1981-02-01,288-39-4713,Indiana
653,Luis Lewis,1965-07-18,011-71-3601,Hawaii
19,Lynn Owens,1985-03-24,412-70-8776,Rhode Island
650,Anthony Phillips,1960-12-12,230-99-3754,New Jersey
137,Jessica Mcdonald,1970-12-29,161-42-2911,Mississippi
619,Michelle Allen,1972-09-13,282-12-8147,Tennessee
654,Victor Webb,1959-01-17,432-20-2267,Tennessee
201,Martin Melton,1972-04-06,412-73-7978,New York
165,Pamela Miles,1962-11-15,514-94-5312,North Carolina
310,Christopher Compton,1958-09-05,372-23-6855,South Carolina
141,Annette Rice,1959-03-15,167-50-1866,Florida
600,Travis Meza,1974-01-10,847-31-4313,New Jersey
529,Brian Baker,1976-07-28,217-64-2839,Illinois
369,Sharon Lee,1967-10-23,400-59-7596,Delaware
32,Brian Sparks,1967-02-14,109-81-8194,Hawaii
522,Dana Ryan,1962-10-10,355-91-3761,Virginia
651,Maria Stevens,1958-05-12,727-25-9113,California
608,Julia Berry,1960-06-17,013-24-3759,New Hampshire
336,Sarah Williams,1964-09-12,722-12-3882,Iowa
516,Trevor Short,1980-07-29,417-96-2488,North Dakota
514,Michael Johnson,1962-04-11,215-59-6015,Maine
426,Louis Cross,1959-11-13,066-43-7111,Colorado
497,Ryan Smith,1964-04-24,861-78-2228,Oklahoma
468,Joan Carter,1964-01-06,172-87-8092,Kentucky
24,Karen Franklin,1967-06-17,808-19-4888,Vermont
221,Christian Palmer,1992-04-30,492-66-6104,Alabama
217,Kristopher Smith,1982-10-20,070-10-3545,Hawaii
399,Cheryl Velez,1963-07-21,565-39-3300,Tennessee
285,Jeffrey Harris,1993-12-20,445-91-9625,Mississippi
21,Jamie Doyle,1984-06-11,031-79-1529,Nevada
447,Adam Sims,1973-12-20,837-82-6337,Idaho
601,Joshua Griffith,1984-08-01,331-62-3344,Hawaii
378,Donald Koch,1989-10-02,326-51-5788,Connecticut
548,Wendy Leonard,1957-03-18,554-73-7962,Hawaii
42,Dana Hubbard,1980-08-06,747-30-4700,Florida
344,Brett Carson,1970-02-27,015-87-5338,Oklahoma
252,Erica Peters,1980-11-05,480-62-0341,South Carolina
428,William Carter,1989-01-31,310-44-1954,Vermont
220,Karen Taylor,1986-01-29,351-35-6243,Arizona
118,Virginia Cobb,1978-12-04,113-71-9307,Michigan
618,Tamara Watson,1968-08-18,800-36-6329,New Jersey
370,John Middleton,1983-07-24,087-98-7354,Oregon
23,Alex Cruz,1964-12-23,539-59-4744,Connecticut
511,Theresa Crawford,1973-01-08,723-67-9276,Illinois
43,Glenn Chavez,1970-11-29,031-56-5246,Nebraska
311,Carrie Davis,1963-07-16,278-60-7399,Wisconsin
136,Michael Haynes,1974-09-13,310-34-3346,Nebraska
72,Michele Arellano,1981-04-12,140-45-5875,Indiana
65,Gina Stevens,1992-04-05,837-93-2359,Pennsylvania
577,Elizabeth Hatfield,1959-04-07,207-97-7821,New Mexico
35,Michael Reyes,1958-07-21,599-75-1842,Florida
296,Spencer Wilson,1959-09-18,222-97-7753,Indiana
578,Kevin Smith,1992-08-26,256-43-8582,Indiana
98,Steven Giles,1980-11-19,745-28-2061,Virginia
569,Mario Butler,1979-05-03,799-72-3035,Massachusetts
248,Billy Romero,1958-01-29,506-37-3100,Vermont
433,Katie Miller,1970-07-09,592-79-7579,Massachusetts
307,William Salinas,1983-04-24,798-02-6013,Missouri
398,Kendra Alvarado,1957-10-07,140-27-0633,California
60,Kimberly Wright,1979-03-20,046-99-9022,Ohio
282,Judy Nelson,1968-10-17,463-45-2012,Nevada
436,Alexandra Golden,1978-04-08,796-59-3418,North Dakota
318,Patricia Park,1965-07-28,242-02-5775,Colorado
494,Kylie Chavez,1965-01-10,121-23-3816,Connecticut
644,Randy Edwards,1980-06-29,474-37-9087,Oregon
413,Glenda Hebert,1987-05-18,009-70-7625,New York
345,Erin Garrett,1980-04-29,445-78-5815,South Dakota
123,Donna Floyd,1957-03-30,213-94-1819,South Dakota
208,Brandon Watson,1974-02-12,639-72-3375,Pennsylvania
346,Paul Patterson,1985-02-22,489-14-4729,Pennsylvania
385,Hannah Henderson,1960-12-21,601-07-5897,Pennsylvania
454,Autumn Smith,1974-07-24,319-05-7279,California
209,Steven Contreras,1986-05-31,772-14-6852,Delaware
271,Miguel Russell,1986-09-25,492-82-0302,Utah
152,Kim Martin,1964-08-03,437-69-3452,South Carolina
283,Heidi Proctor,1993-01-31,105-66-9545,Ohio
592,Nicholas May,1976-06-19,713-28-8728,Kansas
469,Michael Nunez,1982-06-22,733-29-9379,West Virginia
306,Gregory Bowen,1981-07-05,122-76-1510,Ohio
237,Jennifer Juarez,1969-06-30,272-83-9009,Oklahoma
457,April Williamson,1990-10-25,285-24-8318,Kansas
293,Francisco Smith,1972-08-12,719-72-1836,North Dakota
374,Roger Taylor,1975-11-02,484-71-6293,Georgia
276,Gabriela Williams,1976-01-10,084-38-5792,Arizona
112,Stephanie Pittman,1965-12-05,444-68-0840,Maryland
333,Sarah Porter,1962-08-09,079-50-3997,Arizona
546,Ernest Cooper,1971-09-24,890-48-2003,New Jersey
496,Alexandra Fisher,1976-03-06,239-41-2206,Alaska
504,Henry Turner,1984-11-20,004-03-7954,Oklahoma
126,Charles Rogers,1984-08-31,667-72-8407,Nevada
418,Keith Lynch,1988-02-26,416-90-4803,Iowa
566,Lindsay Bowman,1972-08-24,344-18-8895,Alabama
249,Jennifer Lutz,1990-07-05,232-24-2943,Rhode Island
624,Mark Mills,1962-11-20,316-16-7406,Arkansas
358,Dawn Thomas,1960-08-05,043-89-0942,North Carolina
197,Keith Tyler,1975-05-10,762-27-7953,Missouri
538,Joseph Smith,1960-03-12,481-53-3836,Louisiana
164,Michael Dudley,1966-03-10,523-72-3459,South Dakota
450,Blake Bowman,1961-01-17,838-01-8076,North Dakota
602,Amy Graves,1994-08-22,848-22-9448,South Carolina
239,Robert Hill,1968-10-03,724-50-8902,Arkansas
627,Robert Davis,1988-08-13,075-44-5405,Maryland
459,Tammy Horton,1981-03-06,121-09-0677,Rhode Island
394,Allison Watkins,1992-03-27,133-74-1605,Nevada
554,James Mathis,1989-11-29,387-64-3276,Iowa
90,Sabrina Shelton,1958-02-03,442-21-2668,Idaho
364,Rachel Coleman,1983-10-26,462-71-7638,South Dakota
574,William Cantrell,1973-08-17,351-80-4706,California
607,Donna Carroll,1968-09-16,014-43-9127,Massachusetts
157,Tammy Harris,1961-01-26,701-82-8283,Ohio
241,Debra Pena,1957-10-16,356-92-9872,Minnesota
558,James Reilly,1957-03-01,116-55-7935,South Dakota
324,Robert Krause,1957-03-11,048-99-5246,New Mexico
183,Chad Crawford,1990-11-05,182-65-0638,Illinois
381,Luke Huerta,1986-01-05,121-69-5912,Michigan
505,Corey Long,1978-09-06,700-74-9787,Missouri
437,Joshua Flores,1987-10-30,521-50-5727,Nebraska
135,Jeffery Collins,1993-06-01,333-58-4791,Kentucky
27,Michael Clements,1994-01-03,634-52-6223,North Carolina
48,Christopher Williams,1977-02-23,139-37-6535,Hawaii
286,Laura Mata,1966-10-22,692-08-5794,Alabama
308,Jessica Campbell,1968-09-16,500-14-2121,Florida
163,Kristy Hebert,1973-11-12,543-40-9892,Washington
275,Rachel Silva,1974-11-19,484-82-3474,North Dakota
521,Tyrone Dean,1986-01-31,367-14-5932,Virginia
53,Angela White,1963-02-17,731-57-2921,Maine
539,Teresa Bell,1975-05-12,116-73-1580,Indiana
482,Edwin Williams,1981-07-27,696-38-6206,Pennsylvania
342,Hannah Hicks,1978-06-05,348-28-9383,Louisiana
150,Kevin Rivera,1994-03-14,867-07-8418,Delaware
448,Trevor Jones,1959-07-28,340-17-5747,Oregon
604,Emily Silva,1989-04-24,248-58-5242,Minnesota
154,Emma Thomas,1960-02-25,044-53-2668,North Dakota
591,Lisa Myers,1980-07-22,382-24-7446,Wisconsin
196,Jennifer King,1975-02-04,843-77-2581,Maryland
507,Dylan Walker,1971-11-01,527-92-4143,Georgia
409,Andrea Snyder,1981-07-10,063-32-3882,Kentucky
629,Samuel Lane,1992-02-09,071-25-2267,Oklahoma
305,Jennifer Cameron,1962-05-16,608-50-7541,Oregon
297,Rodney Cross,1985-06-14,773-95-4949,Nebraska
133,Dustin Brown,1990-12-18,480-31-3364,Oregon
125,Krista Mack,1969-09-30,102-27-0563,South Dakota
106,Luis Ruiz,1977-02-01,248-33-4894,Nevada
335,Cassandra Johnson,1991-12-01,172-44-0203,Alabama
648,Ruth Nichols,1990-07-21,746-43-7608,Nebraska
332,Pamela Dean,1987-08-15,279-93-3302,Connecticut
175,Beth Lee,1961-12-08,191-48-1371,Minnesota
104,Christopher Martin,1977-04-26,563-30-9812,Wyoming
314,Amanda Johnson,1974-09-03,061-41-7153,Massachusetts
551,Joseph Barnett,1959-10-24,559-56-1644,Oregon
124,Maria Burns,1979-11-24,714-40-9488,West Virginia
8,Kevin Riley,1962-09-05,460-37-5605,West Virginia
251,Brian Reyes,1962-07-15,747-56-0510,West Virginia
643,Jeffrey Robinson,1958-06-21,055-93-6490,Missouri
238,David Gardner,1961-09-05,358-50-8396,Florida
303,Tracey Downs,1974-02-28,177-86-4596,New Mexico
519,Cody Ramirez,1982-10-15,298-47-7950,Louisiana
178,Heather Gray,1981-05-09,655-20-6848,Kansas
458,Erika Lewis,1960-02-15,449-09-9111,Colorado
207,Ronald Maynard,1978-11-22,734-20-9020,Kentucky
598,Ashley Saunders,1991-06-11,174-14-5309,Georgia
352,Paul Kaufman,1978-11-02,590-30-0964,Iowa
645,Nathan Rosario,1964-06-15,505-75-5027,New York
146,Melissa Nguyen,1978-10-06,348-50-1193,Minnesota
51,Mitchell Gill,1989-07-27,281-99-7598,Kentucky
512,Michael Shaw,1977-04-18,537-54-8249,Oregon
467,Crystal Jones,1972-12-20,502-77-8160,Maryland
179,Jasmine Harrison,1957-12-04,179-98-0602,West Virginia
54,Chase Grant,1985-05-04,721-15-1229,Kansas
570,Shawn Kidd,1961-04-10,210-13-4240,Minnesota
527,Chris Robinson,1970-01-24,453-27-1013,South Carolina
288,Carla Smith,1969-05-05,340-98-6182,Alabama
382,Kimberly Burns,1985-01-30,857-45-5610,California
408,Lori Sullivan,1992-10-05,682-95-4062,New York
147,Jennifer Williams,1994-02-25,464-83-7025,Maine
198,John Lamb,1986-03-09,571-58-1494,Colorado
194,Joanne Lamb,1974-06-28,313-30-6922,Louisiana
206,David Brown,1978-12-27,893-82-4274,Delaware
76,Scott Leach,1985-04-03,216-79-5144,Arkansas
432,Andrew Tyler,1970-04-08,175-03-3511,Iowa
